output,Rd,Tt
450.mco,5.598394362e-06,4.437244549e-14
455.mco,5.530713482e-06,8.456265153e-14
460.mco,5.481437631e-06,4.43568728e-14
